"","Embarcacion","Horas"
"7","HURACAN (IND)",73.155
"8","CORPESCA 2 (IND)",58.0683333333333
"9","MERO (IND)",52.4580555555556
"1","AUDAZ (IND)",39.2438888888889
"2","AVENTURERO (IND)",39.0966666666667
"3","INTREPIDO (IND)",32.5691666666667
"6","BLANQUILLO (IND)",24.5561111111111
"5","SALMON (IND)",18.6677777777778
"4","RELAMPAGO (IND)",3.87333333333333
