"","Embarcacion","Horas"
"6","LICANTEN (IND)",1.48333333333333
"2","COLLEN (IND)",0.933333333333331
"1","BARRACUDA IV (IND)",0.791388888888889
"8","ALBIMER (IND)",0.666666666666665
"3","EPERVA 56 (IND)",0.537777777777777
"7","LOA 1 (IND)",0.4
"4","ATACAMA V (IND)",0.266666666666666
"5","CLAUDIA ALEJANDRA (IND)",0.133333333333333
