"","Embarcacion","Horas"
"3","LOA 2 (IND)",5.19999999999999
"4","ALBIMER (IND)",4.79999999999999
"2","LOA 7 (IND)",4.26666666666666
"1","COLLEN (IND)",0.399999999999999
